candidate_id,snapshot_id,source_id,reference_type,factor_year,valid_from,valid_to,geography,activity_type,combustion_context,gas,factor_value,numerator_unit,denominator_unit,factor_category,intended_use,applicability_notes,upstream_factor_authority,publication_date,source_locator,validation_status,lifecycle_status,parser_version,reason,notes,candidate_type,target_registry,source_url,source_snapshot_path,source_sha256,source_location,reporting_year,factor_context,refrigerant,assessment_basis,factor_unit,validation_messages,created_at
cand_review_9673b8dae7ad,snap_src_tw_moenv_electricity_factor_enterprise_9673b8dae7ad,src_tw_moenv_electricity_factor_enterprise,electricity_factor_enterprise_inventory,,,,,,,,,,,,,,Taiwan Ministry of Economic Affairs / Energy Administration,,https://ghgregistry.moenv.gov.tw/epa_ghg/News/NewsList.aspx?Type_ID=1,failed,needs_parser_review,reference_sync_v1,Candidate requires parser review; values were not extracted.,Snapshot retained; values not guessed from unstructured text.,,,,,,,,,,,,Candidate requires parser review; values were not extracted.,
cand_review_085fe962e158,snap_src_tw_moenv_general_emission_factors_085fe962e158,src_tw_moenv_general_emission_factors,general_emission_factors,,,,,,,,,,,,,,,,https://ghgregistry.moenv.gov.tw/upload/Tools/AI/113%E5%B9%B42%E6%9C%885%E6%97%A5%E5%85%AC%E5%91%8A%E6%BA%AB%E5%AE%A4%E6%B0%A3%E9%AB%94%E6%8E%92%E6%94%BE%E4%BF%82%E6%95%B8.ods,failed,needs_parser_review,reference_sync_v1,Candidate requires parser review; values were not extracted.,Snapshot retained; values not guessed from unstructured text.,,,,,,,,,,,,Candidate requires parser review; values were not extracted.,
cand_review_f809a27150c0,snap_src_tw_moenv_fuel_heating_values_f809a27150c0,src_tw_moenv_fuel_heating_values,fuel_heating_values,,,,,,,,,,,,,,,,https://ghgregistry.moenv.gov.tw/upload/Tools/AI/113%E5%B9%B42%E6%9C%885%E6%97%A5%E5%85%AC%E5%91%8A%E6%BA%AB%E5%AE%A4%E6%B0%A3%E9%AB%94%E6%8E%92%E6%94%BE%E4%BF%82%E6%95%B8.pdf,failed,rejected,reference_sync_v1,WRONG_DOCUMENT_FOR_SOURCE; factor_value is not numeric; factor_value must be a finite Decimal greater than zero; factor_year is required; geography is required; fuel_type/factor_category is required; unsupported heating-value unit,Misclassified heating-value candidate. Snapshot file kept. Remains rejected; 114-year values are activated from the later manually verified HTML snapshot.,,,,,,,,,,,,WRONG_DOCUMENT_FOR_SOURCE; factor_value is not numeric; factor_value must be a finite Decimal greater than zero; factor_year is required; geography is required; fuel_type/factor_category is required; unsupported heating-value unit,
cand_83871f87d2d4,snap_src_tw_moenv_electricity_factor_enterprise_d6942536f71c,src_tw_moenv_electricity_factor_enterprise,electricity_factor_enterprise_inventory,2025,2025-01-01,2025-12-31,TW,grid_electricity,not_applicable,CO2e,0.467,kgCO2e,kWh,public_sales_average,public_electricity_sales_average,Public electricity-sales average factor. Not interchangeable with industrial or residential factors.,Taiwan Ministry of Economic Affairs / Energy Administration,2026-06-17,moenv_ghg_registry_news;date=2026-06-17;category=public_sales_average;year=2025,passed,validated,reference_sync_v1,Passed deterministic validation; not active until activation.,Public electricity-sales average factor. Not interchangeable with industrial or residential factors.,,,,,,,,,,,,,
cand_41926cdec443,snap_src_tw_moenv_electricity_factor_enterprise_d6942536f71c,src_tw_moenv_electricity_factor_enterprise,electricity_factor_enterprise_inventory,2025,2025-01-01,2025-12-31,TW,grid_electricity,not_applicable,CO2e,0.466,kgCO2e,kWh,industrial_enterprise_inventory,enterprise GHG inventory / disclosure,Enterprise inventory / disclosure uses the industrial electricity factor for applicable business electricity tariff categories. Do not assume applicability for every grid-electricity activity without tariff/use context.,Taiwan Ministry of Economic Affairs / Energy Administration,2026-06-17,moenv_ghg_registry_news;date=2026-06-17;category=industrial_enterprise_inventory;year=2025,passed,active,reference_sync_v1,Activated into emission_factors as ef_tw_grid_electricity_2025_industrial_enterprise_inventory.,Enterprise inventory / disclosure uses the industrial electricity factor for applicable business electricity tariff categories. Do not assume applicability for every grid-electricity activity without tariff/use context.,,,,,,,,,,,,,
cand_873d92238d56,snap_src_tw_moenv_electricity_factor_enterprise_d6942536f71c,src_tw_moenv_electricity_factor_enterprise,electricity_factor_enterprise_inventory,2025,2025-01-01,2025-12-31,TW,grid_electricity,not_applicable,CO2e,0.471,kgCO2e,kWh,residential,residential_electricity,Residential electricity factor. Not interchangeable with industrial/enterprise-inventory factor.,Taiwan Ministry of Economic Affairs / Energy Administration,2026-06-17,moenv_ghg_registry_news;date=2026-06-17;category=residential;year=2025,passed,validated,reference_sync_v1,Passed deterministic validation; not active until activation.,Residential electricity factor. Not interchangeable with industrial/enterprise-inventory factor.,,,,,,,,,,,,,
cand_moenv_114_hv_diesel_80585dc0,snap_src_tw_moenv_fuel_heating_values_80585dc0f2bd,src_tw_moenv_fuel_heating_values,fuel_heating_values,2025,2025-01-01,2025-12-31,TW,diesel,mobile_combustion,,8636,kcal,L,diesel,company_vehicle diesel LHV,Official 114 diesel low heating value 8636 kcal/L. Calculation uses LHV.,環境部氣候變遷署,2026-02-10,moenv_ghg_registry_html_announcement;title=114年度車用汽油、柴油、液化石油氣及天然氣之熱值;date=2026-02-10;fuel=diesel;verification=MANUALLY_VERIFIED_FIRST_PARTY_HTML_SNAPSHOT,passed,active,manual_html_snapshot_v1,Activated into fuel_heating_values as hv_tw_diesel_l_2025.,Official HTML announcement manually preserved as PDF; not originally a downloadable PDF.,,,,,,,,,,,,,
cand_moenv_114_hv_ng1_80585dc0,snap_src_tw_moenv_fuel_heating_values_80585dc0f2bd,src_tw_moenv_fuel_heating_values,fuel_heating_values,2025,2025-01-01,2025-12-31,TW,natural_gas,stationary_combustion,,8067,kcal,m3,NG1,NG1 natural gas LHV,Official 114 NG1 LHV 8067 kcal/m3; HHV 8963 kcal/m3 preserved. Do not infer subtype.,環境部氣候變遷署,2026-02-10,moenv_ghg_registry_html_announcement;title=114年度車用汽油、柴油、液化石油氣及天然氣之熱值;date=2026-02-10;fuel=natural_gas;subtype=NG1;verification=MANUALLY_VERIFIED_FIRST_PARTY_HTML_SNAPSHOT,passed,active,manual_html_snapshot_v1,Activated into fuel_heating_values as hv_tw_natural_gas_ng1_2025.,Official HTML announcement manually preserved as PDF; IPCC 2006 gaseous-fuel 90% basis stated in announcement.,,,,,,,,,,,,,
cand_moenv_114_hv_ng2_80585dc0,snap_src_tw_moenv_fuel_heating_values_80585dc0f2bd,src_tw_moenv_fuel_heating_values,fuel_heating_values,2025,2025-01-01,2025-12-31,TW,natural_gas,stationary_combustion,,8728,kcal,m3,NG2,NG2 natural gas LHV,Official 114 NG2 LHV 8728 kcal/m3; HHV 9698 kcal/m3 preserved. Do not infer subtype.,環境部氣候變遷署,2026-02-10,moenv_ghg_registry_html_announcement;title=114年度車用汽油、柴油、液化石油氣及天然氣之熱值;date=2026-02-10;fuel=natural_gas;subtype=NG2;verification=MANUALLY_VERIFIED_FIRST_PARTY_HTML_SNAPSHOT,passed,active,manual_html_snapshot_v1,Activated into fuel_heating_values as hv_tw_natural_gas_ng2_2025.,Official HTML announcement manually preserved as PDF; IPCC 2006 gaseous-fuel 90% basis stated in announcement.,,,,,,,,,,,,,
cand_moenv_114_hv_gasoline_80585dc0,snap_src_tw_moenv_fuel_heating_values_80585dc0f2bd,src_tw_moenv_fuel_heating_values,fuel_heating_values,2025,2025-01-01,2025-12-31,TW,gasoline,,,7586,kcal,L,gasoline,reference storage only,Official 114 gasoline LHV 7586 kcal/L. Stage 4 does not implement a gasoline calculation pathway.,環境部氣候變遷署,2026-02-10,moenv_ghg_registry_html_announcement;title=114年度車用汽油、柴油、液化石油氣及天然氣之熱值;date=2026-02-10;fuel=gasoline;verification=MANUALLY_VERIFIED_FIRST_PARTY_HTML_SNAPSHOT,passed,active,manual_html_snapshot_v1,Stored in fuel_heating_values as hv_tw_gasoline_l_2025. Reference only.,Gasoline calculation not implemented in Stage 4.,,,,,,,,,,,,,
cand_moenv_114_hv_lpg_l_80585dc0,snap_src_tw_moenv_fuel_heating_values_80585dc0f2bd,src_tw_moenv_fuel_heating_values,fuel_heating_values,2025,2025-01-01,2025-12-31,TW,lpg,,,5993,kcal,L,lpg,reference storage only,Official 114 LPG LHV 5993 kcal/L. Stage 4 does not implement an LPG calculation pathway.,環境部氣候變遷署,2026-02-10,moenv_ghg_registry_html_announcement;title=114年度車用汽油、柴油、液化石油氣及天然氣之熱值;date=2026-02-10;fuel=lpg;unit=kcal/L;verification=MANUALLY_VERIFIED_FIRST_PARTY_HTML_SNAPSHOT,passed,active,manual_html_snapshot_v1,Stored in fuel_heating_values as hv_tw_lpg_l_2025. Reference only.,LPG calculation not implemented in Stage 4.,,,,,,,,,,,,,
cand_moenv_114_hv_lpg_kg_80585dc0,snap_src_tw_moenv_fuel_heating_values_80585dc0f2bd,src_tw_moenv_fuel_heating_values,fuel_heating_values,2025,2025-01-01,2025-12-31,TW,lpg,,,10972,kcal,kg,lpg,reference storage only,Official 114 LPG LHV 10972 kcal/kg. Stage 4 does not implement an LPG calculation pathway.,環境部氣候變遷署,2026-02-10,moenv_ghg_registry_html_announcement;title=114年度車用汽油、柴油、液化石油氣及天然氣之熱值;date=2026-02-10;fuel=lpg;unit=kcal/kg;verification=MANUALLY_VERIFIED_FIRST_PARTY_HTML_SNAPSHOT,passed,active,manual_html_snapshot_v1,Stored in fuel_heating_values as hv_tw_lpg_kg_2025. Reference only.,LPG calculation not implemented in Stage 4.,,,,,,,,,,,,,
cand_2239841575b6,snap_src_tw_moenv_cfp_p_02_aa2c6cb9eacb,src_tw_moenv_cfp_p_02,purchased_steel_average_data,2013,,,,purchased_steel,,,2.415,kgCO2e,kg,鋼板,,"Official CFP_P_02 raw fields only. The API does not state cradle-to-gate boundary, geography, technology, or a reporting validity period. announcementyear is the data/announcement year, not valid_from.",,,c2e7e7ed7ea51b9d2f5ca5d44e837026916847d273c5e3792b0aec5ee4974066,passed,validated,reference_sync_v1,Passed deterministic validation; not active until activation.,"Official CFP_P_02 raw fields only. The API does not state cradle-to-gate boundary, geography, technology, or a reporting validity period. announcementyear is the data/announcement year, not valid_from.",purchased_steel_average_data,purchased_steel_factors,https://data.moenv.gov.tw/api/v2/cfp_p_02?limit=1000&sort=ImportDate desc&format=JSON,/Users/justin/Downloads/carbon-evidence-ledger-next-clean/data/reference_snapshots/src_tw_moenv_cfp_p_02__unknown-pub__aa2c6cb9eacb.json,aa2c6cb9eacb83e2949f3477082d6ea6411715405e3d501590fa522321791c4a,c2e7e7ed7ea51b9d2f5ca5d44e837026916847d273c5e3792b0aec5ee4974066,,,,,kgCO2e/kg,,2026-09-05T02:01:56Z
cand_1ba4890d215c,snap_src_tw_moenv_cfp_p_02_aa2c6cb9eacb,src_tw_moenv_cfp_p_02,purchased_steel_average_data,2013,,,,purchased_steel,,,2.308,kgCO2e,kg,熱軋粗鋼捲,,"Official CFP_P_02 raw fields only. The API does not state cradle-to-gate boundary, geography, technology, or a reporting validity period. announcementyear is the data/announcement year, not valid_from.",,,66d7abd6c2aea9d28c688789443435ab016a6fe7d1681f88d56de070c8f5d1a0,passed,validated,reference_sync_v1,Passed deterministic validation; not active until activation.,"Official CFP_P_02 raw fields only. The API does not state cradle-to-gate boundary, geography, technology, or a reporting validity period. announcementyear is the data/announcement year, not valid_from.",purchased_steel_average_data,purchased_steel_factors,https://data.moenv.gov.tw/api/v2/cfp_p_02?limit=1000&sort=ImportDate desc&format=JSON,/Users/justin/Downloads/carbon-evidence-ledger-next-clean/data/reference_snapshots/src_tw_moenv_cfp_p_02__unknown-pub__aa2c6cb9eacb.json,aa2c6cb9eacb83e2949f3477082d6ea6411715405e3d501590fa522321791c4a,66d7abd6c2aea9d28c688789443435ab016a6fe7d1681f88d56de070c8f5d1a0,,,,,kgCO2e/kg,,2026-09-05T02:01:56Z
cand_17300a6f519a,snap_src_tw_moenv_cfp_p_02_aa2c6cb9eacb,src_tw_moenv_cfp_p_02,purchased_steel_average_data,2013,,,,purchased_steel,,,2.38,kgCO2e,kg,熱軋鋼捲,,"Official CFP_P_02 raw fields only. The API does not state cradle-to-gate boundary, geography, technology, or a reporting validity period. announcementyear is the data/announcement year, not valid_from.",,,e57974677b5e45ccf35eedfb5a14a89457794fc318b3dc8ead6a7af0daafce7c,passed,validated,reference_sync_v1,Passed deterministic validation; not active until activation.,"Official CFP_P_02 raw fields only. The API does not state cradle-to-gate boundary, geography, technology, or a reporting validity period. announcementyear is the data/announcement year, not valid_from.",purchased_steel_average_data,purchased_steel_factors,https://data.moenv.gov.tw/api/v2/cfp_p_02?limit=1000&sort=ImportDate desc&format=JSON,/Users/justin/Downloads/carbon-evidence-ledger-next-clean/data/reference_snapshots/src_tw_moenv_cfp_p_02__unknown-pub__aa2c6cb9eacb.json,aa2c6cb9eacb83e2949f3477082d6ea6411715405e3d501590fa522321791c4a,e57974677b5e45ccf35eedfb5a14a89457794fc318b3dc8ead6a7af0daafce7c,,,,,kgCO2e/kg,,2026-09-05T02:01:56Z
cand_a79a5aa2e00e,snap_src_tw_moenv_cfp_p_02_aa2c6cb9eacb,src_tw_moenv_cfp_p_02,purchased_steel_average_data,2013,,,,purchased_steel,,,2.398,kgCO2e,kg,熱軋酸洗塗油鋼捲,,"Official CFP_P_02 raw fields only. The API does not state cradle-to-gate boundary, geography, technology, or a reporting validity period. announcementyear is the data/announcement year, not valid_from.",,,82f7e76362ddc90c9feb21f17d839714cbc46f45efb8d7618520f67b4a4cca7b,passed,validated,reference_sync_v1,Passed deterministic validation; not active until activation.,"Official CFP_P_02 raw fields only. The API does not state cradle-to-gate boundary, geography, technology, or a reporting validity period. announcementyear is the data/announcement year, not valid_from.",purchased_steel_average_data,purchased_steel_factors,https://data.moenv.gov.tw/api/v2/cfp_p_02?limit=1000&sort=ImportDate desc&format=JSON,/Users/justin/Downloads/carbon-evidence-ledger-next-clean/data/reference_snapshots/src_tw_moenv_cfp_p_02__unknown-pub__aa2c6cb9eacb.json,aa2c6cb9eacb83e2949f3477082d6ea6411715405e3d501590fa522321791c4a,82f7e76362ddc90c9feb21f17d839714cbc46f45efb8d7618520f67b4a4cca7b,,,,,kgCO2e/kg,,2026-09-05T02:01:56Z
cand_11ab4aaf583e,snap_src_tw_moenv_cfp_p_02_aa2c6cb9eacb,src_tw_moenv_cfp_p_02,purchased_steel_average_data,2013,,,,purchased_steel,,,2.388,kgCO2e,kg,熱軋鋼板片,,"Official CFP_P_02 raw fields only. The API does not state cradle-to-gate boundary, geography, technology, or a reporting validity period. announcementyear is the data/announcement year, not valid_from.",,,46273cfa249afefd530c0b33df70e453389536faa7f2b127d77cf2a2400884b3,passed,validated,reference_sync_v1,Passed deterministic validation; not active until activation.,"Official CFP_P_02 raw fields only. The API does not state cradle-to-gate boundary, geography, technology, or a reporting validity period. announcementyear is the data/announcement year, not valid_from.",purchased_steel_average_data,purchased_steel_factors,https://data.moenv.gov.tw/api/v2/cfp_p_02?limit=1000&sort=ImportDate desc&format=JSON,/Users/justin/Downloads/carbon-evidence-ledger-next-clean/data/reference_snapshots/src_tw_moenv_cfp_p_02__unknown-pub__aa2c6cb9eacb.json,aa2c6cb9eacb83e2949f3477082d6ea6411715405e3d501590fa522321791c4a,46273cfa249afefd530c0b33df70e453389536faa7f2b127d77cf2a2400884b3,,,,,kgCO2e/kg,,2026-09-05T02:01:56Z
cand_ffba30f38252,snap_src_tw_moenv_cfp_p_02_aa2c6cb9eacb,src_tw_moenv_cfp_p_02,purchased_steel_average_data,2013,,,,purchased_steel,,,2.94,kgCO2e,kg,冷軋鋼捲,,"Official CFP_P_02 raw fields only. The API does not state cradle-to-gate boundary, geography, technology, or a reporting validity period. announcementyear is the data/announcement year, not valid_from.",,,1ff05c72afdd04c76b42941f596dff181107d407e6f2b4c51488632daf14257e,passed,validated,reference_sync_v1,Passed deterministic validation; not active until activation.,"Official CFP_P_02 raw fields only. The API does not state cradle-to-gate boundary, geography, technology, or a reporting validity period. announcementyear is the data/announcement year, not valid_from.",purchased_steel_average_data,purchased_steel_factors,https://data.moenv.gov.tw/api/v2/cfp_p_02?limit=1000&sort=ImportDate desc&format=JSON,/Users/justin/Downloads/carbon-evidence-ledger-next-clean/data/reference_snapshots/src_tw_moenv_cfp_p_02__unknown-pub__aa2c6cb9eacb.json,aa2c6cb9eacb83e2949f3477082d6ea6411715405e3d501590fa522321791c4a,1ff05c72afdd04c76b42941f596dff181107d407e6f2b4c51488632daf14257e,,,,,kgCO2e/kg,,2026-09-05T02:01:56Z
cand_fb1ec570f659,snap_src_tw_moenv_cfp_p_02_aa2c6cb9eacb,src_tw_moenv_cfp_p_02,purchased_steel_average_data,2013,,,,purchased_steel,,,2.5,kgCO2e,kg,碳鋼冷軋鋼捲,,"Official CFP_P_02 raw fields only. The API does not state cradle-to-gate boundary, geography, technology, or a reporting validity period. announcementyear is the data/announcement year, not valid_from.",,,acfce75182a9dcb9f43ffac2133bf84ba6296d5d7dbfdc7d3326abe754c8c4d5,passed,validated,reference_sync_v1,Passed deterministic validation; not active until activation.,"Official CFP_P_02 raw fields only. The API does not state cradle-to-gate boundary, geography, technology, or a reporting validity period. announcementyear is the data/announcement year, not valid_from.",purchased_steel_average_data,purchased_steel_factors,https://data.moenv.gov.tw/api/v2/cfp_p_02?limit=1000&sort=ImportDate desc&format=JSON,/Users/justin/Downloads/carbon-evidence-ledger-next-clean/data/reference_snapshots/src_tw_moenv_cfp_p_02__unknown-pub__aa2c6cb9eacb.json,aa2c6cb9eacb83e2949f3477082d6ea6411715405e3d501590fa522321791c4a,acfce75182a9dcb9f43ffac2133bf84ba6296d5d7dbfdc7d3326abe754c8c4d5,,,,,kgCO2e/kg,,2026-09-05T02:01:56Z
